ASSURED NAME,VESSEL,POLICY NUMBER,INCEPT DATE,EXPIRY DATE,ITEM NUMBER,ITEM TITLE,CLAIM NUMBER,DATE OF LOSS,CURRENCY,POLICY GROSS SUM INSURED,POLICY RETAINED SUM INSURED,POLICY QS SUM INSURED,POLICY SURPLUS SUM INSURED,POLICY PMMSC SUM INSURED,POLICY OTHER TREATY SUM INSURED,POLICY FACUL SUM INSURED,ITEM GROSS SUM INSURED,ITEM RETAINED SUM INSURED,ITEM QS SUM INSURED,ITEM SURPLUS SUM INSURED,ITEM PMMSC SUM INSURED,ITEM OTHER TREATY SUM INSURED,ITEM FACUL SUM INSURED,LOSS RESERVE,LOSS PAID,EXPENSE RESERVE,EXPENSE PAID,RECOVERIES,LOSS DESCRIPTION,LOSS DETAIL,STATUS,FRONTING/REFERRED,INTM NUMBER,INTERMEDIARY NAME,WITH EX-GRATIA,ORG TYPE
MS. FAYE CATIGAN AND/OR MMN HOME STYLE & DESIGN,,EN-CAR-HB-21-0000006-00-D,10/27/2021,02/27/2022,1,PROJECT DETAILS,EN-CAR-HB-22-00001,12/16/2021,PHP,858000,686400,171600,0,0,0,0,858000,686400,171600,0,0,0,0,0,0,0,0,0,Damaged to Property,Due to Typhoon Odette,CLOSED,,40000,BACOLOD BRANCH,N,I
BIG BLUE LOGISTICS CORPORATION,,EN-CAR-HC-21-0000021-00-D,06/22/2021,05/30/2022,1,PROJECT DETAILS,EN-CAR-HC-22-00001,12/16/2021,PHP,500000000,50000000,12500000,437500000,0,0,0,500000000,50000000,12500000,437500000,0,0,0,0,0,14007,14007,0,Damaged to Property,Due to Typhoon Odette,DENIED,,30000,CEBU BRANCH,N,I
"CEBU DISTRICT PROPERTY ENTERPRISE INC. AND/OR ORTIGAS & COMPANY LIMITED PARTNERSHIP A AND/OR ITS SM PARTNERSHIP	",,EN-CAR-HO-16-0000845-00-D,05/31/2016,06/30/2022,1,MATERIAL DAMAGE,EN-CAR-HO-22-00010,12/16/2021,PHP,852262253.6,8649024.47,0,843613229.1,0,0,0,852262253.6,8649024.46,0,843613229.1,0,0,0,9522996.53,9522996.53,0,0,0,Damaged to Property,Due to Typhoon Odette,OS-FOR APPROVAL,,0,DIRECT BUSINESS,N,I
"AYALA LAND, INC. AND/OR ITS SUBSIDIARIES/UNITS AS PRINCIPAL AND/OR MDC AS GENERAL CONTRACTOR AND/OR ET.AL.",,EN-CAR-HO-17-0000218-00-D,01/15/2017,11/30/2022,1,MATERIAL DAMAGE,EN-CAR-HO-23-00038,12/19/2021,PHP,300784884.5,14235275.97,3558818.99,162676835.7,0,0,120313953.8,300784884.5,14235275.97,3558818.99,162676835.7,0,0,120313953.8,350413.17,0,11339.6,11339.6,0,due to pipe leak,,OS-FOR APPROVAL,,0,DIRECT BUSINESS,N,I
"HTLAND, INC. &/OR CONTRACTORS &/OR NOMINATED SUB-CONTRACTORS &/OR SPECIALISTS CONTRACTORS &/OR SUB-CONTRACTORS OF ANY TIER &/OR CONSULTANTS &/OR SUPPL",,EN-CAR-HO-17-0001474-00-D,12/07/2017,10/31/2025,1,MATERIAL DAMAGE,EN-CAR-HO-22-00016,12/16/2021,PHP,2630022318,25000000,6250000,955008369.4,0,0,1643763949,2630022318,25000000,6250000,955008369.4,0,0,1643763949,3722949.56,3722949.56,116793.9,116793.9,0,Damaged to Property,Due to Typhoon Odette,CLOSED,,413,"JARDINE LLOYD THOMPSON INSURANCE BROKERS, INC.",Y,I
AVIDA LAND CORP. AS PRINCIPAL AND/OR GENERAL CONTRACTOR AND/OR ET.AL.,,EN-CAR-HO-18-0000790-00-D,03/01/2018,11/16/2022,1,MATERIAL DAMAGE,EN-CAR-HO-21-00088,12/16/2021,PHP,133438585.7,9976647.28,2494161.82,14216908.04,0,0,106750868.5,133438585.7,9976647.28,2494161.82,14216908.04,0,0,106750868.5,1912589.55,1912589.55,44011,44011,0,Typhoon Odette,,CLOSED,,0,DIRECT BUSINESS,N,I
AVIDA LAND CORP. AS PRINCIPAL AND/OR GENERAL CONTRACTOR AND/OR ET.AL.,,EN-CAR-HO-18-0000790-00-D,03/01/2018,11/16/2022,1,MATERIAL DAMAGE,EN-CAR-HO-24-00026,12/16/2021,PHP,133438585.7,9976647.28,2494161.82,14216908.04,0,0,106750868.5,133438585.7,9976647.28,2494161.82,14216908.04,0,0,106750868.5,0,0,0,0,0,Damage to contract works, due to Typhoon â€œOdette,CLOSED,,0,DIRECT BUSINESS,N,I
"SMCC PHILIPPINES, INC. AND/OR TAGANITO MINING CORP. AND/OR TAGANITO HPAL NICKEL CORP.",,EN-CAR-HO-18-0001184-00-I,05/01/2018,10/31/2022,2,MATERIAL DAMAGE,EN-CAR-HO-22-00073,12/16/2021,PHP,743385287.5,6250000,1562500,187777691.7,0,0,547795095.8,743385287.5,6250000,1562500,187777691.7,0,0,547795095.8,185038.85,138779.14,115649.28,115649.28,0,Damaged to Property,Due to Typhoon Odette,OS-FOR PAYMENT,,604,BPI/MS INSURANCE CORPORATION,N,I
"SOLINEA, INC.  AND/OR  ITS SUBSIDIARIES/UNITS AS PRINCIPAL AND/OR MDC AS GENERAL CONTRACTOR AND/OR ET.AL.",,EN-CAR-HO-18-0001205-00-D,08/01/2018,07/31/2024,1,MATERIAL DAMAGE,EN-CAR-HO-21-00090,12/16/2021,PHP,257000015.1,50000000,12250000,194750015.1,0,0,0,257000015.1,50000000,12250000,194750015.1,0,0,0,1019313.51,1019313.51,25251.71,25251.71,0,Typhoon Odette,,CLOSED,,0,DIRECT BUSINESS,N,I
CAGAYAN DE ORO GATEWAY CORPORATION AND/OR ITS SUBSIDIARIES/UNITS AS PRINCIPAL AND/OR GENERAL CONTRACTOR AND/OR ET.AL.,,EN-CAR-HO-18-0001441-00-D,10/01/2018,10/31/2023,1,MATERIAL DAMAGE,EN-CAR-HO-21-00091,12/16/2021,PHP,264495430.9,19587521.46,4896880.36,107763313.6,0,0,132247715.4,264495430.9,19587521.46,4896880.36,107763313.6,0,0,132247715.4,0,0,7510,7510,0,Typhoon Odette,,CLOSED,,0,DIRECT BUSINESS,N,I
ALVEO LAND CORP. AND/OR ITS SUBSIDIARIES/UNITS AS PRINCIPAL AND/OR GENERAL CONTRACTOR AND/OR ET.AL.,,EN-CAR-HO-19-0000646-00-I,08/01/2018,10/01/2023,1,MATERIAL DAMAGE,EN-CAR-HO-22-00030,12/16/2021,PHP,181254400,9375000,2343750,124222050,0,0,45313600,181254400,9375000,2343750,124222050,0,0,45313600,1043725.01,1043725.01,0,0,0,DAMAGED TO CONTRACT WORKS,DAMAGE TO EXISTING PROPERTY,CLOSED,,224,"MALAYAN INSURANCE COMPANY, INC.",N,I
"CEBU LANDMASTER, INC. AND/OR ASSOCIATED SUBSIDIARY, AFFILIATED, CONTROLLED COMPANIES, ET. AL.",,EN-CAR-HO-19-0000796-00-D,04/25/2019,06/30/2024,1,MATERIAL DAMAGE,EN-CAR-HO-21-00092,12/16/2021,PHP,309390312.6,50000000,12500000,14847578.16,0,0,232042734.5,309390312.6,50000000,12500000,14847578.16,0,0,232042734.5,0,0,9425.86,9425.86,0,Typhoon Odette,,CLOSED,,1391,"GALLAGHER INSURANCE BROKERS (PHILIPPINES), INC.",N,I
TRIUMVIRATE DEVELOPMENT CORPORATION / MONOLITH CONSTRUCTION AND DEVELOPMENT CORPORATION,,EN-CAR-HO-19-0001406-00-D,10/01/2019,01/31/2024,1,MATERIAL DAMAGE,EN-CAR-HO-22-00024,02/18/2022,PHP,2900000000,50000000,12500000.01,937500000,0,0,1900000000,2900000000,50000000,12500000.01,937500000,0,0,1900000000,0,0,0,0,0,TPL-AUTOMOBILE,DUE TO SPILLAGE,NOT PURSUED,,1983,"AR INSURANCE AGENCY, INC.",N,I
"CEBU LANDMASTERS, INC. AND/OR ASSOCIATED SUBSIDIARY, AFFILIATED, CONTROLLED COMPANIES, ET. AL.",,EN-CAR-HO-19-0002029-00-D,06/24/2019,12/04/2022,1,MATERIAL DAMAGE,EN-CAR-HO-22-00003,12/16/2021,PHP,95000000,19000000,4750000,0,0,0,71250000,95000000,19000000,4750000,0,0,0,71250000,0,0,0,0,0,Damaged to Property,Due to Typhoon Odette,CLOSED,,1391,"GALLAGHER INSURANCE BROKERS (PHILIPPINES), INC.",N,I
"AMAIA SOUTHERN PROPERTIES, INC. &/OR MDC BUILDPLUS, INC. &/OR ET. AL.",,EN-CAR-HO-19-0002118-00-D,10/25/2019,10/31/2024,1,MATERIAL DAMAGE,EN-CAR-HO-22-00008,12/16/2021,PHP,26250000,10500000,2625000,0,0,0,13125000,26250000,10500000,2625000,0,0,0,13125000,1600000,0,0,0,0,Damaged to Property,Due to Typhoon Odette,OS-ADJUSTER,,0,DIRECT BUSINESS,N,I
"CEBU  LANDMASTER, INC.",,EN-CAR-HO-20-0000625-00-I,11/07/2019,11/07/2022,1,MATERIAL DAMAGE,EN-CAR-HO-22-00009,12/16/2021,PHP,76878048,50000000,12500000,14378048,0,0,0,76878048,50000000,12500000,14378048,0,0,0,3751319.78,3751319.78,0,0,0,Damaged to Property,Due to Typhoon Odette,CLOSED,,604,BPI/MS INSURANCE CORPORATION,N,I
YANGTZE OPTICAL FIBRE AND CABLE COMPANY (PHILIPPINES) LIMITED,,EN-CAR-HO-20-0000766-00-D,11/29/2019,01/06/2022,1,MATERIAL DAMAGE,EN-CAR-HO-22-00004,12/16/2021,PHP,183106560,50000000,12500000,74829920,0,0,45776640,183106560,50000000,12500000,74829920,0,0,45776640,0,0,0,0,0,Damaged to Property,Due to Typhoon Odette,NOT PURSUED,,490,BDO INSURANCE AND REINSURANCE BROKERS INCORPORATED,N,I
"CEBU LANDMASTER, INC. AND/OR ASSOCIATED SUBSIDIARY, AFFILIATED, CONTROLLED COMPANIES, ET. AL.",,EN-CAR-HO-20-0000783-00-D,05/26/2020,05/26/2024,1,MATERIAL DAMAGE,EN-CAR-HO-22-00017,12/16/2021,PHP,976630355.6,50003474.21,12500868.55,181653246.1,0,0,732472766.7,976630355.6,50003474.21,12500868.55,181653246.1,0,0,732472766.7,0,0,0,0,0,Damaged to Property,Due to Typhoon Odette,NOT PURSUED,,1391,"GALLAGHER INSURANCE BROKERS (PHILIPPINES), INC.",N,I
"CEBU LANDMASTER, INC. AND/OR ASSOCIATED SUBSIDIARY, AFFILIATED, CONTROLLED COMPANIES, ET. AL.",,EN-CAR-HO-20-0001133-00-D,02/02/2020,12/31/2024,1,MATERIAL DAMAGE,EN-CAR-HO-22-00002,12/16/2021,PHP,311105812,50000000,12500000,15276453,0,0,233329359,311105812,50000000,12500000,15276453,0,0,233329359,0,0,6310.68,6310.68,0,Damaged to Property,Due to Typhoon Odette,DENIED,,3663,"GALLAGHER INSURANCE BROKERS (PHILLIPINES), INC.",N,I
"CEBU LANDMASTER, INC. AND/OR ASSOCIATED SUBSIDIARY, AFFILIATED, CONTROLLED COMPANIES, ET. AL.",,EN-CAR-HO-20-0001134-00-D,07/16/2020,12/31/2024,1,MATERIAL DAMAGE,EN-CAR-HO-22-00021,12/16/2021,PHP,415407342,50000000,12500000,41351835.5,0,0,311555506.5,415407342,50000000,12500000,41351835.5,0,0,311555506.5,0,0,23936.88,23936.88,0,Damaged to Property,Due to Typhoon Odette,DENIED,,3663,"GALLAGHER INSURANCE BROKERS (PHILLIPINES), INC.",N,I
AVIDA LAND CORP. AND/OR ITS SUBSIDIARIES/UNITS AS PRINCIPAL AND/OR MDC AS GENERAL CONTRACTOR AND/OR ET. AL.,,EN-CAR-HO-20-0001216-00-D,04/01/2020,03/31/2025,1,MATERIAL DAMAGE,EN-CAR-HO-21-00089,12/16/2021,PHP,297871680.3,50000000,12500000,86435840.13,0,0,148935840.1,297871680.3,50000000,12500000,86435840.13,0,0,148935840.1,0,0,6450,6450,0,Typhoon Odette,,CLOSED,,0,DIRECT BUSINESS,N,I
"MAGSPEAK NATURE PARK / CEBU LANDMASTER, INC., ABOITIZ CONSTRUCTION, ET. AL.",,EN-CAR-HO-21-0000201-00-D,11/09/2020,04/30/2022,1,MATERIAL DAMAGE,EN-CAR-HO-22-00001,12/16/2021,PHP,40400000,8080000,2020000,0,0,0,30300000,40400000,8080000,2020000,0,0,0,30300000,0,0,8830.16,8830.16,0,Damaged to Property,Due to Typhoon Odette,CLOSED,,3663,"GALLAGHER INSURANCE BROKERS (PHILLIPINES), INC.",N,I
ALVEO LAND CORP. AND/OR ITS SUBSIDIARIES/UNITS AS PRINCIPAL AND/OR MDC AS GENERAL CONTRACTOR AND/OR ET. AL.,,EN-CAR-HO-21-0003150-00-D,10/01/2021,12/31/2025,1,MATERIAL DAMAGE,EN-CAR-HO-22-00014,12/16/2021,PHP,417913508.8,50000000,12500000,146456754.4,0,0,208956754.4,417913508.8,50000000,12500000,146456754.4,0,0,208956754.4,0,0,7510,7510,0,Damaged to Property,Due to Typhoon Odette,CLOSED,,0,DIRECT BUSINESS,N,I
"DN DISTRIBUTIONS CENTER INC -DAVAO &/OR DSG SONS GROUP, INC.",,EN-CAR-HO-21-0003306-00-D,11/15/2021,12/29/2021,1,PROJECT DETAILS,EN-CAR-HO-21-00094,12/16/2021,PHP,1619000,1295200,323800,0,0,0,0,1619000,1295200,323800,0,0,0,0,0,0,0,0,0,Damaged to Property,Due to Typhoon Odette,NOT PURSUED,,465,"VENDOME INSURANCE AGENCY KONSULT, INC.",N,I
NEW FRONTIER MEMORIAL CHAPEL DEVELOPMENT and/or JA AVILES ARCHITECTURAL AND CONSTRUCTION MANAGEMENT SERVICES AND/OR ET. AL.,,EN-CAR-HO-21-0003338-00-D,11/05/2021,11/05/2023,1,PROJECT DETAILS,EN-CAR-HO-22-00012,12/18/2021,PHP,405880000,50000000,12500000,140440000,0,0,202940000,405880000,50000000,12500000,140440000,0,0,202940000,22977.5,22977.5,9846.88,9846.88,0,Damaged to TP Property,,OS-ADJUSTER,,825,"MARSH PHILIPPINES, INC.",N,I
"LAGUINDINGAN TECHNOPARK, INC. AND/OR ITS SUBSIDIARIES/UNITS AS PRINCIPAL AND/OR MDC AS GENERAL CONTRACTOR AND/OR ET. AL.",,EN-CAR-HO-21-0003504-00-D,11/26/2021,11/25/2022,1,MATERIAL DAMAGE,EN-CAR-HO-22-00015,12/16/2021,PHP,11380947.23,4552378.89,1138094.72,0,0,0,5690473.62,11380947.23,4552378.89,1138094.72,0,0,0,5690473.62,0,0,7160,7160,0,Damaged to Property,Due to Typhoon Odette,CLOSED,,0,DIRECT BUSINESS,N,I
"CEBU LANDMASTERS, INC. AND/OR ASSOCIATED SUBSIDIARY, AFFILIATED, CONTROLLED COMPANIES, ET. AL.",,EN-CAR-HO-21-0003528-00-I,01/03/2020,06/03/2023,1,MATERIAL DAMAGE,EN-CAR-HO-22-00065,12/16/2021,PHP,77005232,50000000,12500000,14505232,0,0,0,77005232,50000000,12500000,14505232,0,0,0,51784.31,51784.31,0,0,0,DAMAGED TO PROPERTY,DUE TO ODETTE TYPHOON,CLOSED,,604,BPI/MS INSURANCE CORPORATION,N,I
"CEBU LANDMASTERS, INC. AND/OR ASSOCIATED SUBSIDIARY, AFFILIATED, CONTROLLED COMPANIES, ET. AL.",,EN-CAR-HO-21-0003529-00-I,01/03/2020,06/03/2023,1,MATERIAL DAMAGE,EN-CAR-HO-22-00066,12/16/2021,PHP,125483851,50000000,12500000,62983851,0,0,0,125483851,50000000,12500000,62983851,0,0,0,20432.77,20432.77,0,0,0,DAMAGED TO PROPERTY,,CLOSED,,604,BPI/MS INSURANCE CORPORATION,N,I
"CEBU LANDMASTERS, INC. AND/OR ASSOCIATED SUBSIDIARY, AFFILIATED, CONTROLLED COMPANIES, ET. AL.",,EN-CAR-HO-21-0003587-00-I,01/06/2020,01/05/2023,1,MATERIAL DAMAGE,EN-CAR-HO-22-00018,12/16/2021,PHP,35272459,28217967.2,7054491.8,0,0,0,0,35272459,28217967.2,7054491.8,0,0,0,0,63917.85,63917.85,0,0,0,Damaged to Property,Due to Typhoon Odette,CLOSED,,604,BPI/MS INSURANCE CORPORATION,N,I
"CEBU LANDMASTERS, INC.",,EN-CAR-HO-22-0000586-00-I,08/12/2021,11/10/2025,1,MATERIAL DAMAGE,EN-CAR-HO-22-00026,12/16/2021,PHP,236999997,50000000.01,12500000,174499997,0,0,0,236999997,50000000,12500000,174499997,0,0,0,4982.43,4982.43,0,0,0,Damaged to Property,Due to Typhoon Odette,CLOSED,,604,BPI/MS INSURANCE CORPORATION,N,I
"CEBU LANDMASTERS, INC. AND/OR ASSOCIATED SUBSIDIARY, AFFILIATED, CONTROLLED COMPANIES, ET. AL.",,EN-CAR-HO-22-0002618-00-I,10/01/2020,12/31/2024,1,MATERIAL DAMAGE,EN-CAR-HO-22-00060,12/16/2021,PHP,51652367.1,41321893.68,10330473.42,0,0,0,0,51652367.1,41321893.68,10330473.42,0,0,0,0,2408698.31,2408698.31,0,0,0,DAMAGED TO PROPERTY,DUE TO ODETTE TYPHOON,CLOSED,,604,BPI/MS INSURANCE CORPORATION,Y,I
AVIDA LAND CORP. AND/OR ITS SUBSIDIARIES/UNITS AS PRINCIPAL AND/OR MDC AS GENERAL CONTRACTOR AND/OR ET.AL.,,EN-CAR-HO-25-0014487-00-I,03/01/2018,03/15/2023,1,MATERIAL DAMAGE,EN-CAR-HO-25-00134,12/16/2021,PHP,133100072,53073802.83,13268450.71,33482800.46,0,0,33275018,133100072,53073802.84,13268450.71,33482800.45,0,0,33275018,1955759.95,1955759.95,0,0,0,Damage to Insured contract wor,,OS-FOR APPROVAL,,224,"MALAYAN INSURANCE COMPANY, INC.",N,I
"HT LAND, INC. AND/OR HONGKONG LAND (PHILIPPINES) B.V. AND/OR CEBU ASIA RIM PROPERTY & DEVELOPMENT CORPORATION AND/OR ET. AL.",,EN-CAR-RS-16-0000016-00-D,12/12/2016,03/30/2023,1,MATERIAL DAMAGE,EN-CAR-RS-22-00005,12/16/2021,PHP,20887049.74,10032649.71,0,-4810887.27,0,0,15665287.3,20887049.74,10032649.71,0,-4810887.28,0,0,15665287.31,14800000,14800000,581805.84,581805.84,-25034.4,Damaged to Property,Due to Typhoon Odette,CLOSED,,413,"JARDINE LLOYD THOMPSON INSURANCE BROKERS, INC.",N,I
CEBU LINK JOINT VENTURE,,EN-CAR-RS-18-0000002-00-D,01/08/2018,07/15/2022,1,MATERIAL DAMAGE,EN-CAR-RS-21-00017,12/16/2021,PHP,27099000000,0,0,0,0,0,27099000000,27099000000,0,0,0,0,0,27099000000,65139980.9,65139980.9,3046014.6,3046014.6,0,Typhoon Loss,,CLOSED,AON SINGAPORE (BROKING CENTRE) PTE LTD,358,"AON INSURANCE & REINSURANCE BROKERS PHILS., INC.",N,I
"CEBU LANDMASTER, INC. AND/OR ET. AL.",,EN-CAR-RS-18-0000013-00-D,04/01/2018,12/31/2024,1,MATERIAL DAMAGE,EN-CAR-RS-22-00001,12/16/2021,PHP,2910562556,25000000.03,6250000,832975022.4,0,0,2046337534,2910562556,25000000.01,6250000,832975022.4,0,0,2046337534,0,0,46182.36,46182.36,0,Damaged to Property,Due to Typhoon Odette,DENIED,,1391,"GALLAGHER INSURANCE BROKERS (PHILIPPINES), INC.",N,I
UNIVERSAL HOTELS AND RESORT INC.,,EN-CAR-RS-19-0000009-00-D,04/01/2019,12/31/2022,1,MATERIAL DAMAGE,EN-CAR-RS-21-00016,12/16/2021,PHP,2723841462,50000000,12500000,748095033.8,0,0,1913246428,2723841462,50000000,12500000,748095033.8,0,0,1913246428,16209245.45,16209245.45,429787.32,429787.32,0,Damaged Contract Works,Due to Typhoon Odette,CLOSED,,205,UNICON INSURANCE AND REINSURANCE BROKERS CORP.,N,I
YOFC INTERNATIONAL (PHILIPPINES) CORPORATION AND YANGTZE OPTICAL FIBRE AND CABLE COMPANY (HONG KONG) LIMITED,,EN-CAR-RS-21-0000019-00-D,02/18/2021,02/18/2022,1,MATERIAL DAMAGE,EN-CAR-RS-22-00002,12/16/2021,PHP,50621480,30372888,7593222,0,0,0,12655370,50621480,30372888,7593222,0,0,0,12655370,4472250,4472250,118853.88,118853.88,0,Damaged to Property,Due to Typhoon Odette,CLOSED,,490,BDO INSURANCE AND REINSURANCE BROKERS INCORPORATED,N,I
YOFC INTERNATIONAL (PHILIPPINES) CORPORATION AND YANGTZE OPTICAL FIBRE AND CABLE COMPANY (HONG KONG) LIMITED,,EN-CAR-RS-21-0000023-00-D,02/18/2021,02/18/2022,1,MATERIAL DAMAGE,EN-CAR-RS-22-00003,12/16/2021,PHP,4375414.4,2625248.64,656312.16,0,0,0,1093853.6,4375414.4,2625248.64,656312.16,0,0,0,1093853.6,2260620,2260620,75727.09,75727.09,0,Damaged to Property,Due to Typhoon Odette,CLOSED,,490,BDO INSURANCE AND REINSURANCE BROKERS INCORPORATED,N,I
"COMMSCOPE TECHNOLOGIES PHILIPPINES, INC.",,EN-CAR-RS-21-0000049-00-D,07/20/2021,11/30/2023,1,MATERIAL DAMAGE,EN-CAR-RS-22-00012,12/16/2021,PHP,87424000,3496960,874240,0,0,0,83052800,87424000,3496960,874240,0,0,0,83052800,0,0,0,0,0,DAMAGED TO PROPERTY,,DENIED,,825,"MARSH PHILIPPINES, INC.",N,I
"COMMSCOPE TECHNOLOGIES PHILIPPINES, INC. AND/OR CONVERGE ICT SOLUTIONS, INC.",,EN-CAR-RS-21-0000059-00-D,10/29/2021,11/30/2023,1,MATERIAL DAMAGE,EN-CAR-RS-22-00006,12/16/2021,PHP,4895000,195800,48950,0,0,0,4650250,4895000,195800,48950,0,0,0,4650250,0,0,9081,9081,0,Damaged to Property,Due to Typhoon Odette,OUTSTANDING,,825,"MARSH PHILIPPINES, INC.",N,I
LAPULAPU LEISURE INC. &/OR LAPULAPU LAND CORP. AND/OR ET. AL.,,EN-CAR-RSDV-19-0000011-00-D,10/01/2018,12/31/2022,1,MATERIAL DAMAGE,EN-CAR-RSDV-21-00001,12/16/2021,PHP,12401999999,49999999.99,12500000,309560000,0,0,12029939999,12401999999,49999999.99,12500000,309560000,0,0,12029939999,6234652.21,6234652.21,171586.48,171586.48,0,Damaged Property,Due to Typhoon Odette,OS-FOR APPROVAL,TYSERS,2049,"PNX-UDENNA INSURANCE BROKERS, INC.",N,I
"FUTURENET AND TECHNOLOGY CORP. AND/OR WUHAN FIBERHOME INTERNATIONAL TECHNOLOGIES PHILS., INC",,EN-EAR-HO-21-0000029-00-D,01/07/2021,01/07/2022,1,MATERIAL DAMAGE,EN-EAR-HO-22-00021,12/16/2021,PHP,75188480.81,30075392.32,7518848.08,0,0,0,37594240.41,75188480.81,30075392.32,7518848.08,0,0,0,37594240.41,0,0,0,0,0,MATERIAL DAMAGE,DUE TO ODETTE TYPHOON,OS-ADJUSTER,,358,"AON INSURANCE & REINSURANCE BROKERS PHILS., INC.",N,I
"FUTURENET AND TECHNOLOGY CORP. AND/OR WUHAN FIBERHOME INTERNATIONAL TECHNOLOGIES PHILS., INC",,EN-EAR-HO-21-0000040-00-D,01/06/2021,01/06/2022,1,MATERIAL DAMAGE,EN-EAR-HO-22-00018,12/16/2021,PHP,27768250.3,11107300.12,2776825.03,0,0,0,13884125.15,27768250.3,11107300.12,2776825.03,0,0,0,13884125.15,0,0,0,0,0,MATERIAL DAMAGE,DUE TO ODETTE TYPHOON,DENIED,,358,"AON INSURANCE & REINSURANCE BROKERS PHILS., INC.",N,I
"FUTURENET AND TECHNOLOGY CORP. AND/OR WUHAN FIBERHOME INTERNATIONAL TECHNOLOGIES PHILS., INC",,EN-EAR-HO-21-0000041-00-D,01/06/2021,01/06/2022,1,MATERIAL DAMAGE,EN-EAR-HO-22-00017,12/16/2021,PHP,21594526.81,8637810.72,2159452.68,0,0,0,10797263.41,21594526.81,8637810.72,2159452.68,0,0,0,10797263.41,0,0,0,0,0,FOR SERVICES,DUE TO ODETTE TYPHOON,OUTSTANDING,,358,"AON INSURANCE & REINSURANCE BROKERS PHILS., INC.",N,I
"FUTURENET AND TECHNOLOGY CORP. AND/OR WUHAN FIBERHOME INTERNATIONAL TECHNOLOGIES PHILS., INC",,EN-EAR-HO-21-0000041-00-D,01/06/2021,01/06/2022,1,MATERIAL DAMAGE,EN-EAR-HO-22-00019,12/16/2021,PHP,21594526.81,8637810.72,2159452.68,0,0,0,10797263.41,21594526.81,8637810.72,2159452.68,0,0,0,10797263.41,0,0,0,0,0,FOR SERVICES,DUE TO ODETTE TYPHOON,OUTSTANDING,,358,"AON INSURANCE & REINSURANCE BROKERS PHILS., INC.",N,I
"FUTURENET AND TECHNOLOGY CORP. AND/OR WUHAN FIBERHOME INTERNATIONAL TECHNOLOGIES PHILS., INC",,EN-EAR-HO-21-0000041-00-D,01/06/2021,01/06/2022,1,MATERIAL DAMAGE,EN-EAR-HO-22-00020,12/16/2021,PHP,21594526.81,8637810.72,2159452.68,0,0,0,10797263.41,21594526.81,8637810.72,2159452.68,0,0,0,10797263.41,0,0,0,0,0,FOR SERVICES,DUE TO ODETTE TYPHOON,CLOSED,,358,"AON INSURANCE & REINSURANCE BROKERS PHILS., INC.",N,I
"FUTURENET AND TECHNOLOGY CORP. AND/OR WUHAN FIBERHOME INTERNATIONAL TECHNOLOGIES PHILS., INC",,EN-EAR-HO-21-0000041-00-D,01/06/2021,01/06/2022,1,MATERIAL DAMAGE,EN-EAR-HO-22-00022,12/16/2021,PHP,21594526.81,8637810.72,2159452.68,0,0,0,10797263.41,21594526.81,8637810.72,2159452.68,0,0,0,10797263.41,0,0,0,0,0,FOR SERVICES,DUE TO ODETTE TYPHOON,OUTSTANDING,,358,"AON INSURANCE & REINSURANCE BROKERS PHILS., INC.",N,I
"GLOBE TELECOM, INC. &/OR JRT TELECOM ENTERPRISE, INC.",,EN-EAR-HO-21-0000079-00-D,02/23/2021,02/23/2023,1,MATERIAL DAMAGE,EN-EAR-HO-22-00008,12/16/2021,PHP,33876870.45,13550748.19,3387687.04,0,0,0,16938435.22,33876870.45,13550748.18,3387687.05,0,0,0,16938435.23,0,0,21476.57,21476.57,0,Damaged 42m Guyed Pole Tower,Due to Typhoon Odette,CLOSED,,358,"AON INSURANCE & REINSURANCE BROKERS PHILS., INC.",N,I
"GLOBE TELECOM, INC. &/OR JRT TELECOM ENTERPRISE, INC.",,EN-EAR-HO-21-0000079-00-D,02/23/2021,02/23/2023,1,MATERIAL DAMAGE,EN-EAR-HO-22-00009,12/16/2021,PHP,33876870.45,13550748.19,3387687.04,0,0,0,16938435.22,33876870.45,13550748.18,3387687.05,0,0,0,16938435.23,0,0,9223.48,9223.48,0,Damaged 30m 4pt Guyed Tower,Due to Typhoon Odette,CLOSED,,358,"AON INSURANCE & REINSURANCE BROKERS PHILS., INC.",N,I
"GLOBE TELECOM, INC. &/OR JRT TELECOM ENTERPRISE, INC.",,EN-EAR-HO-21-0000079-00-D,02/23/2021,02/23/2023,1,MATERIAL DAMAGE,EN-EAR-HO-22-00010,12/16/2021,PHP,33876870.45,13550748.19,3387687.04,0,0,0,16938435.22,33876870.45,13550748.18,3387687.05,0,0,0,16938435.23,0,0,7810.47,7810.47,0,Damaged 30m Guyed Pole Tower,Due to Typhoon Odette,OS-ADJUSTER,,358,"AON INSURANCE & REINSURANCE BROKERS PHILS., INC.",N,I
"GLOBE TELECOM, INC. &/OR JRT TELECOM ENTERPRISE, INC.",,EN-EAR-HO-21-0000079-00-D,02/23/2021,02/23/2023,1,MATERIAL DAMAGE,EN-EAR-HO-22-00011,12/16/2021,PHP,33876870.45,13550748.19,3387687.04,0,0,0,16938435.22,33876870.45,13550748.18,3387687.05,0,0,0,16938435.23,0,0,16946.17,16946.17,0,Damaged 36m Guyed Mast Tower,Due to Typhoon Odette,OUTSTANDING,,358,"AON INSURANCE & REINSURANCE BROKERS PHILS., INC.",N,I
"GLOBE TELECOM, INC. &/OR JRT TELECOM ENTERPRISE, INC.",,EN-EAR-HO-21-0000079-00-D,02/23/2021,02/23/2023,1,MATERIAL DAMAGE,EN-EAR-HO-22-00012,12/16/2021,PHP,33876870.45,13550748.19,3387687.04,0,0,0,16938435.22,33876870.45,13550748.18,3387687.05,0,0,0,16938435.23,0,0,19907.89,19907.89,0,Damaged 42m Guyed Pole Tower,Due to Typhoon Odette,CLOSED,,358,"AON INSURANCE & REINSURANCE BROKERS PHILS., INC.",N,I
"GLOBE TELECOM, INC. &/OR JRT TELECOM ENTERPRISE, INC.",,EN-EAR-HO-21-0000079-00-D,02/23/2021,02/23/2023,1,MATERIAL DAMAGE,EN-EAR-HO-22-00013,12/16/2021,PHP,33876870.45,13550748.19,3387687.04,0,0,0,16938435.22,33876870.45,13550748.18,3387687.05,0,0,0,16938435.23,0,0,19507.89,19507.89,0,Damaged 42m Guyed Pole Tower,Due to Typhoon Odette,OUTSTANDING,,358,"AON INSURANCE & REINSURANCE BROKERS PHILS., INC.",N,I
"NOKIA SOLUTIONS AND NETWORKS PHILIPPINES, INC.",,EN-EAR-RS-21-0000011-04-D,05/01/2021,04/30/2022,1,MATERIAL DAMAGE,EN-EAR-RS-22-00001,12/16/2021,EMU,25000000,1000000,250000,0,0,0,23750000,25000000,1000000,250000,0,0,0,23750000,1493308.14,1493308.14,0,0,0,DAMAGED TO EQUIPMENT,DUE TO ODETTE TYPHOON,OS-FOR APPROVAL,IF P&C Insurance Company Ltd.,0,DIRECT BUSINESS,N,I
JG SUMMIT GROUP OF COMPANIES NON-TELECOMS GROUP (ROBINSON LAND CORPORATION - COMMERCIAL DIVISION - RLC GROUP),,EN-EEI-HO-21-0000012-11-D,01/01/2021,01/01/2022,1,MATERIAL DAMAGE,EN-EEI-HO-22-00002,12/16/2021,PHP,281595745.5,112638298.2,28159574.55,0,0,0,140797872.8,9874170,3949668,987417,0,0,0,4937085,0,0,0,0,0,Damaged to Property,Due to Typhoon Odette,CLOSED,,205,UNICON INSURANCE AND REINSURANCE BROKERS CORP.,N,I
JG SUMMIT GROUP OF COMPANIES NON-TELECOMS GROUP (ROBINSON LAND CORPORATION - COMMERCIAL DIVISION - RLC GROUP),,EN-EEI-HO-21-0000012-11-D,01/01/2021,01/01/2022,14,MATERIAL DAMAGE,EN-EEI-HO-22-00002,12/16/2021,PHP,281595745.5,112638298.2,28159574.55,0,0,0,140797872.8,675918,270367.2,67591.8,0,0,0,337959,0,0,0,0,0,Damaged to Property,Due to Typhoon Odette,CLOSED,,205,UNICON INSURANCE AND REINSURANCE BROKERS CORP.,N,I
JG SUMMIT GROUP OF COMPANIES NON-TELECOMS GROUP (ROBINSON LAND CORPORATION - COMMERCIAL DIVISION - RLC GROUP),,EN-EEI-HO-21-0000012-11-D,01/01/2021,01/01/2022,39,MATERIAL DAMAGE,EN-EEI-HO-22-00002,12/16/2021,PHP,281595745.5,112638298.2,28159574.55,0,0,0,140797872.8,9979981,3991992.4,997998.1,0,0,0,4989990.5,124714.29,124714.29,0,0,0,Damaged to Property,Due to Typhoon Odette,CLOSED,,205,UNICON INSURANCE AND REINSURANCE BROKERS CORP.,N,I
JG SUMMIT GROUP OF COMPANIES NON-TELECOMS GROUP (DUSIT THANI MACTAN CEBU),,EN-EEI-HO-21-0000048-02-D,01/01/2021,01/01/2022,1,MATERIAL DAMAGE,EN-EEI-HO-22-00116,12/16/2021,PHP,74470270,29788108,7447027,0,0,0,37235135,74470270,29788108,7447027,0,0,0,37235135,8609438.77,8609438.77,197139.06,197139.06,0,DAMAGED TO PROPERTY,,CLOSED,,205,UNICON INSURANCE AND REINSURANCE BROKERS CORP.,N,I
BDO NETWORK BANK,,EN-EEI-HO-21-0000097-04-D,06/30/2021,06/30/2022,152,MATERIAL DAMAGE,EN-EEI-HO-22-00013,12/16/2021,PHP,599188092.6,50000000,12500000,386891069.5,0,0,149797023.2,635400.75,56496.76,14124.19,405929.61,0,0,158850.19,0,0,0,0,0,ATM,DUE TO ODETTE TYPHOON,OUTSTANDING,,490,BDO INSURANCE AND REINSURANCE BROKERS INCORPORATED,N,I
BDO NETWORK BANK,,EN-EEI-HO-21-0000097-04-D,06/30/2021,06/30/2022,171,MATERIAL DAMAGE,EN-EEI-HO-22-00013,12/16/2021,PHP,599188092.6,50000000,12500000,386891069.5,0,0,149797023.2,354774.5,31544.83,7886.21,226649.83,0,0,88693.63,0,0,0,0,0,ATM,DUE TO ODETTE TYPHOON,OUTSTANDING,,490,BDO INSURANCE AND REINSURANCE BROKERS INCORPORATED,N,I
BDO NETWORK BANK,,EN-EEI-HO-21-0000097-04-D,06/30/2021,06/30/2022,171,MATERIAL DAMAGE,EN-EEI-HO-22-00014,12/16/2021,PHP,599188092.6,50000000,12500000,386891069.5,0,0,149797023.2,354774.5,31544.83,7886.21,226649.83,0,0,88693.63,58.92,58.92,0,0,0,ATM,DUE TO ODETTE TYPHOON,OS-FOR APPROVAL,,490,BDO INSURANCE AND REINSURANCE BROKERS INCORPORATED,N,I
BDO NETWORK BANK,,EN-EEI-HO-21-0000097-04-D,06/30/2021,06/30/2022,171,MATERIAL DAMAGE,EN-EEI-HO-22-00015,12/16/2021,PHP,599188092.6,50000000,12500000,386891069.5,0,0,149797023.2,354774.5,31544.83,7886.21,226649.83,0,0,88693.63,13199.84,13199.84,0,0,0,ATM,DUE TO ODETTE TYPHOON,CLOSED,,490,BDO INSURANCE AND REINSURANCE BROKERS INCORPORATED,N,I
BDO NETWORK BANK,,EN-EEI-HO-21-0000097-04-D,06/30/2021,06/30/2022,171,MATERIAL DAMAGE,EN-EEI-HO-22-00016,12/16/2021,PHP,599188092.6,50000000,12500000,386891069.5,0,0,149797023.2,354774.5,31544.83,7886.21,226649.83,0,0,88693.63,0,0,0,0,0,ATM,DUE TO ODETTE TYPHOON,OUTSTANDING,,490,BDO INSURANCE AND REINSURANCE BROKERS INCORPORATED,N,I
BDO NETWORK BANK,,EN-EEI-HO-21-0000097-04-D,06/30/2021,06/30/2022,1,MATERIAL DAMAGE,EN-EEI-HO-22-00028,12/16/2021,PHP,599188092.6,50000000,12500000,386891069.5,0,0,149797023.2,242979188.7,18327626.57,4581906.64,159324858.3,0,0,60744797.17,0,0,0,0,0,ATM,DUE TO ODETTE TYPHOON,DENIED,,490,BDO INSURANCE AND REINSURANCE BROKERS INCORPORATED,N,I
"FINACOR FINANCE CORP. LEASED TO DIVERSIFY ISS BGC, INC .",,EN-EEI-HO-21-0000099-01-D,10/29/2021,10/29/2022,1,STATIONARY EQUIPMENT,EN-EEI-HO-22-00008,12/16/2021,PHP,31969000,25575200,6393800,0,0,0,0,31969000,25575200,6393800,0,0,0,0,0,0,0,0,0,Damaged to Property,Due to Typhoon Odette,OUTSTANDING,,825,"MARSH PHILIPPINES, INC.",N,I
"FINACOR FINANCE CORP. LEASED TO DIVERSIFY ISS BGC, INC .",,EN-EEI-HO-21-0000099-01-D,10/29/2021,10/29/2022,1,STATIONARY EQUIPMENT,EN-EEI-HO-22-00009,12/16/2021,PHP,31969000,25575200,6393800,0,0,0,0,31969000,25575200,6393800,0,0,0,0,0,0,0,0,0,Damaged to Property,Due to Typhoon Odette,CLOSED,,825,"MARSH PHILIPPINES, INC.",N,I
"FINACOR FINANCE CORP. LEASED TO DIVERSIFY ISS BGC, INC .",,EN-EEI-HO-21-0000099-01-D,10/29/2021,10/29/2022,1,STATIONARY EQUIPMENT,EN-EEI-HO-22-00010,12/16/2021,PHP,31969000,25575200,6393800,0,0,0,0,31969000,25575200,6393800,0,0,0,0,0,0,0,0,0,Damaged to Property,Due to Typhoon Odette,OUTSTANDING,,825,"MARSH PHILIPPINES, INC.",N,I
JG SUMMIT GROUP OF COMPANIES NON-TELECOMS GROUP (ROBINSONS INC AND/OR ROBINSONS DEPARTMENT STORES AND BUSINESS CENTERS - ROBINSONS RETAIL GROUP),,EN-EEI-RS-20-0000072-07-D,01/01/2021,01/01/2022,1,MATERIAL DAMAGE,EN-EEI-RS-22-00210,12/16/2021,PHP,659904813.3,263961925.3,65990481.33,0,0,0,329952406.6,17287175.59,6914870.24,1728717.56,0,0,0,8643587.8,0,0,0,0,0,DAMAGE TO EXISTING PROPERTY,DUE TO ODETTE TYPHOON,OS-FOR APPROVAL,,205,UNICON INSURANCE AND REINSURANCE BROKERS CORP.,N,I
JG SUMMIT GROUP OF COMPANIES NON-TELECOMS GROUP (ROBINSONS INC AND/OR ROBINSONS DEPARTMENT STORES AND BUSINESS CENTERS - ROBINSONS RETAIL GROUP),,EN-EEI-RS-20-0000072-07-D,01/01/2021,01/01/2022,15,MATERIAL DAMAGE,EN-EEI-RS-22-00210,12/16/2021,PHP,659904813.3,263961925.3,65990481.33,0,0,0,329952406.6,16002837.17,6401134.87,1600283.72,0,0,0,8001418.59,1057817.86,1057817.86,0,0,0,DAMAGE TO EXISTING PROPERTY,DUE TO ODETTE TYPHOON,OS-FOR APPROVAL,,205,UNICON INSURANCE AND REINSURANCE BROKERS CORP.,N,I
JG SUMMIT GROUP OF COMPANIES NON-TELECOMS GROUP (ROBINSONS SUPERMARKET CORPORATION - ROBINSONS RETAIL GROUP),,EN-EEI-RS-20-0000098-16-D,01/01/2021,01/01/2022,106,MATERIAL DAMAGE,EN-EEI-RS-22-00275,12/16/2021,PHP,1951751621,442509659.1,110627414.8,422738736.7,0,0,975875810.7,7774518.02,1755179.2,438794.8,1693285.02,0,0,3887259.01,432276.73,432276.73,36867.99,36867.99,0,DAMAGED TO PROPERTY,DUE TO ODETTE TYPHOON,CLOSED,,205,UNICON INSURANCE AND REINSURANCE BROKERS CORP.,N,I
"VISAYAN ELECTRIC CO., INC.",,EN-EEI-RS-21-0000006-00-D,07/31/2021,07/31/2022,1,MATERIAL DAMAGE,EN-EEI-RS-22-00185,12/16/2021,PHP,15122000,12097600,3024400,0,0,0,0,15122000,12097600,3024400,0,0,0,0,53883.11,53883.11,11924.79,11924.79,0,Damaged Electronic Equipments,DUE TO ODETTE TYPHOON,CLOSED,,3663,"GALLAGHER INSURANCE BROKERS (PHILLIPINES), INC.",N,I
"BDO UNIBANK, INC. AND/OR ITS SUBSIDIARIES AND AFFILIATES",,EN-EEI-RS-21-0000030-06-D,10/30/2021,10/30/2022,1,MATERIAL DAMAGE,EN-EEI-RS-22-00073,12/16/2021,PHP,11846577831,1195435834,298858958.5,875020773.7,0,0,9477262265,880449330.5,13000215.65,3250053.91,159839596.5,0,0,704359464.4,0,0,0,0,0,POS,DUE TO ODETTE TYPHOON,DENIED,,490,BDO INSURANCE AND REINSURANCE BROKERS INCORPORATED,N,I
"BDO UNIBANK, INC. AND/OR ITS SUBSIDIARIES AND AFFILIATES",,EN-EEI-RS-21-0000030-06-D,10/30/2021,10/30/2022,497,MATERIAL DAMAGE,EN-EEI-RS-22-00074,12/16/2021,PHP,11846577831,1195435834,298858958.5,875020773.7,0,0,9477262265,5560914.78,579099.16,144774.79,388309,0,0,4448731.82,0,0,0,0,0,POS,DUE TO ODETTE TYPHOON,DENIED,,490,BDO INSURANCE AND REINSURANCE BROKERS INCORPORATED,N,I
"BDO UNIBANK, INC. AND/OR ITS SUBSIDIARIES AND AFFILIATES",,EN-EEI-RS-21-0000030-06-D,10/30/2021,10/30/2022,1,MATERIAL DAMAGE,EN-EEI-RS-22-00077,12/16/2021,PHP,11846577831,1195435834,298858958.5,875020773.7,0,0,9477262265,880449330.5,13000215.65,3250053.91,159839596.5,0,0,704359464.4,0,0,0,0,0,POS,DUE TO ODETTE TYPHOON,OUTSTANDING,,490,BDO INSURANCE AND REINSURANCE BROKERS INCORPORATED,N,I
"BDO UNIBANK, INC. AND/OR ITS SUBSIDIARIES AND AFFILIATES",,EN-EEI-RS-21-0000030-06-D,10/30/2021,10/30/2022,4335,MATERIAL DAMAGE,EN-EEI-RS-22-00078,12/17/2021,PHP,11846577831,1195435834,298858958.5,875020773.7,0,0,9477262265,854936.74,89030.88,22257.72,59698.74,0,0,683949.39,0,0,0,0,0,Damaged to Property,Due to Typhoon Odette,CLOSED,,490,BDO INSURANCE AND REINSURANCE BROKERS INCORPORATED,N,I
"BDO UNIBANK, INC. AND/OR ITS SUBSIDIARIES AND AFFILIATES",,EN-EEI-RS-21-0000030-06-D,10/30/2021,10/30/2022,3489,MATERIAL DAMAGE,EN-EEI-RS-22-00079,12/17/2021,PHP,11846577831,1195435834,298858958.5,875020773.7,0,0,9477262265,832636.72,86708.62,21677.15,58141.57,0,0,666109.38,12857.14,12857.14,0,0,0,Damaged to Property,Due to Typhoon Odette,CLOSED,,490,BDO INSURANCE AND REINSURANCE BROKERS INCORPORATED,N,I
"BDO UNIBANK, INC. AND/OR ITS SUBSIDIARIES AND AFFILIATES",,EN-EEI-RS-21-0000030-06-D,10/30/2021,10/30/2022,4336,MATERIAL DAMAGE,EN-EEI-RS-22-00080,12/17/2021,PHP,11846577831,1195435834,298858958.5,875020773.7,0,0,9477262265,31200,3249.09,812.27,2178.64,0,0,24960,0,0,0,0,0,Damaged to Property,Due to Typhoon Odette,OUTSTANDING,,490,BDO INSURANCE AND REINSURANCE BROKERS INCORPORATED,N,I
"BDO UNIBANK, INC. AND/OR ITS SUBSIDIARIES AND AFFILIATES",,EN-EEI-RS-21-0000030-06-D,10/30/2021,10/30/2022,210,MATERIAL DAMAGE,EN-EEI-RS-22-00081,12/16/2021,PHP,11846577831,1195435834,298858958.5,875020773.7,0,0,9477262265,3077248.24,320456.61,80114.15,214878.89,0,0,2461798.59,0,0,0,0,0,Damaged to Property,Due to Typhoon Odette,CLOSED,,490,BDO INSURANCE AND REINSURANCE BROKERS INCORPORATED,N,I
"BDO UNIBANK, INC. AND/OR ITS SUBSIDIARIES AND AFFILIATES",,EN-EEI-RS-21-0000030-06-D,10/30/2021,10/30/2022,3495,MATERIAL DAMAGE,EN-EEI-RS-22-00081,12/16/2021,PHP,11846577831,1195435834,298858958.5,875020773.7,0,0,9477262265,766882.16,79861.11,19965.28,53550.05,0,0,613505.73,0,0,0,0,0,Damaged to Property,Due to Typhoon Odette,CLOSED,,490,BDO INSURANCE AND REINSURANCE BROKERS INCORPORATED,N,I
"BDO UNIBANK, INC. AND/OR ITS SUBSIDIARIES AND AFFILIATES",,EN-EEI-RS-21-0000030-06-D,10/30/2021,10/30/2022,531,MATERIAL DAMAGE,EN-EEI-RS-22-00082,12/16/2021,PHP,11846577831,1195435834,298858958.5,875020773.7,0,0,9477262265,2777464.58,289237.92,72309.48,193945.52,0,0,2221971.66,0,0,0,0,0,Damaged to Property,Due to Typhoon Odette,CLOSED,,490,BDO INSURANCE AND REINSURANCE BROKERS INCORPORATED,N,I
"BDO UNIBANK, INC. AND/OR ITS SUBSIDIARIES AND AFFILIATES",,EN-EEI-RS-21-0000030-06-D,10/30/2021,10/30/2022,1006,MATERIAL DAMAGE,EN-EEI-RS-22-00082,12/16/2021,PHP,11846577831,1195435834,298858958.5,875020773.7,0,0,9477262265,1976506.48,205828.23,51457.06,138016.01,0,0,1581205.18,1741.07,1741.07,0,0,0,Damaged to Property,Due to Typhoon Odette,CLOSED,,490,BDO INSURANCE AND REINSURANCE BROKERS INCORPORATED,N,I
"BDO UNIBANK, INC. AND/OR ITS SUBSIDIARIES AND AFFILIATES",,EN-EEI-RS-21-0000030-06-D,10/30/2021,10/30/2022,4385,MATERIAL DAMAGE,EN-EEI-RS-22-00083,12/16/2021,PHP,11846577831,1195435834,298858958.5,875020773.7,0,0,9477262265,804513.74,83779.96,20944.99,56177.79,0,0,643610.99,0,0,0,0,0,Damaged to Property,Due to Typhoon Odette,DENIED,,490,BDO INSURANCE AND REINSURANCE BROKERS INCORPORATED,N,I
"BDO UNIBANK, INC. AND/OR ITS SUBSIDIARIES AND AFFILIATES",,EN-EEI-RS-21-0000030-06-D,10/30/2021,10/30/2022,7626,MATERIAL DAMAGE,EN-EEI-RS-22-00084,12/16/2021,PHP,11846577831,1195435834,298858958.5,875020773.7,0,0,9477262265,91796670.4,9559465.85,2389866.46,6410001.76,0,0,73437336.32,9458.4,9458.4,0,0,0,POS,DUE TO ODETTE TYPHOON,OS-FOR APPROVAL,,490,BDO INSURANCE AND REINSURANCE BROKERS INCORPORATED,N,I
"BDO UNIBANK, INC. AND/OR ITS SUBSIDIARIES AND AFFILIATES",,EN-EEI-RS-21-0000030-06-D,10/30/2021,10/30/2022,234,MATERIAL DAMAGE,EN-EEI-RS-22-00085,12/17/2021,PHP,11846577831,1195435834,298858958.5,875020773.7,0,0,9477262265,3038647.64,316436.84,79109.21,212183.48,0,0,2430918.11,72477.27,72477.27,0,0,0,ATM,DAMAGED PARTS,CLOSED,,490,BDO INSURANCE AND REINSURANCE BROKERS INCORPORATED,N,I
"BDO UNIBANK, INC. AND/OR ITS SUBSIDIARIES AND AFFILIATES",,EN-EEI-RS-21-0000030-06-D,10/30/2021,10/30/2022,3817,MATERIAL DAMAGE,EN-EEI-RS-22-00085,12/17/2021,PHP,11846577831,1195435834,298858958.5,875020773.7,0,0,9477262265,31200,3249.09,812.27,2178.64,0,0,24960,0,0,0,0,0,ATM,DAMAGED PARTS,CLOSED,,490,BDO INSURANCE AND REINSURANCE BROKERS INCORPORATED,N,I
"BDO UNIBANK, INC. AND/OR ITS SUBSIDIARIES AND AFFILIATES",,EN-EEI-RS-21-0000030-06-D,10/30/2021,10/30/2022,3489,MATERIAL DAMAGE,EN-EEI-RS-22-00093,12/17/2021,PHP,11846577831,1195435834,298858958.5,875020773.7,0,0,9477262265,832636.72,86708.62,21677.15,58141.57,0,0,666109.38,0,0,0,0,0,ATM,DUE TO ODETTE TYPHOON,OUTSTANDING,,490,BDO INSURANCE AND REINSURANCE BROKERS INCORPORATED,N,I
"BDO UNIBANK, INC. AND/OR ITS SUBSIDIARIES AND AFFILIATES",,EN-EEI-RS-21-0000030-06-D,10/30/2021,10/30/2022,1,MATERIAL DAMAGE,EN-EEI-RS-22-00106,12/16/2021,PHP,11846577831,1195435834,298858958.5,875020773.7,0,0,9477262265,880449330.5,13000215.65,3250053.91,159839596.5,0,0,704359464.4,0,0,0,0,0,POS,DUE TO ODETTE TYPHOON,OUTSTANDING,,490,BDO INSURANCE AND REINSURANCE BROKERS INCORPORATED,N,I
"BDO UNIBANK, INC. AND/OR ITS SUBSIDIARIES AND AFFILIATES",,EN-EEI-RS-21-0000030-06-D,10/30/2021,10/30/2022,7626,MATERIAL DAMAGE,EN-EEI-RS-22-00141,12/16/2021,PHP,11846577831,1195435834,298858958.5,875020773.7,0,0,9477262265,91796670.4,9559465.85,2389866.46,6410001.76,0,0,73437336.32,0,0,0,0,0,POS,DUE TO ODETTE TYPHOON,OUTSTANDING,,490,BDO INSURANCE AND REINSURANCE BROKERS INCORPORATED,N,I
"BDO UNIBANK, INC. AND/OR ITS SUBSIDIARIES AND AFFILIATES",,EN-EEI-RS-21-0000030-06-D,10/30/2021,10/30/2022,1,MATERIAL DAMAGE,EN-EEI-RS-22-00150,12/16/2021,PHP,11846577831,1195435834,298858958.5,875020773.7,0,0,9477262265,880449330.5,13000215.65,3250053.91,159839596.5,0,0,704359464.4,0,0,0,0,0,POS,DUE TO ODETTE TYPHOON,DENIED,,490,BDO INSURANCE AND REINSURANCE BROKERS INCORPORATED,N,I
"BDO UNIBANK, INC. AND/OR ITS SUBSIDIARIES AND AFFILIATES",,EN-EEI-RS-21-0000030-06-D,10/30/2021,10/30/2022,210,MATERIAL DAMAGE,EN-EEI-RS-22-00160,12/16/2021,PHP,11846577831,1195435834,298858958.5,875020773.7,0,0,9477262265,3077248.24,320456.61,80114.15,214878.89,0,0,2461798.59,0,0,0,0,0,POS,DUE TO ODETTE TYPHOON,OUTSTANDING,,490,BDO INSURANCE AND REINSURANCE BROKERS INCORPORATED,N,I
"BDO UNIBANK, INC. AND/OR ITS SUBSIDIARIES AND AFFILIATES",,EN-EEI-RS-21-0000030-06-D,10/30/2021,10/30/2022,464,MATERIAL DAMAGE,EN-EEI-RS-22-00166,12/16/2021,PHP,11846577831,1195435834,298858958.5,875020773.7,0,0,9477262265,2152152.78,224119.58,56029.89,150281.08,0,0,1721722.22,0,0,0,0,0,ATM,DUE TO ODETTE TYPHOON,CLOSED,,490,BDO INSURANCE AND REINSURANCE BROKERS INCORPORATED,N,I
"BDO UNIBANK, INC. AND/OR ITS SUBSIDIARIES AND AFFILIATES",,EN-EEI-RS-21-0000030-06-D,10/30/2021,10/30/2022,659,MATERIAL DAMAGE,EN-EEI-RS-22-00166,12/16/2021,PHP,11846577831,1195435834,298858958.5,875020773.7,0,0,9477262265,2495734.08,259899.24,64974.81,174272.77,0,0,1996587.26,79834.82,79834.82,0,0,0,ATM,DUE TO ODETTE TYPHOON,CLOSED,,490,BDO INSURANCE AND REINSURANCE BROKERS INCORPORATED,N,I
"BDO UNIBANK, INC. AND/OR ITS SUBSIDIARIES AND AFFILIATES",,EN-EEI-RS-21-0000030-06-D,10/30/2021,10/30/2022,5577,MATERIAL DAMAGE,EN-EEI-RS-22-00228,12/16/2021,PHP,11846577831,1195435834,298858958.5,875020773.7,0,0,9477262265,775665.3,80775.76,20193.94,54163.36,0,0,620532.24,0,0,0,0,0,ATM,DUE TO ODETTE TYPHOON,OS-FOR APPROVAL,,490,BDO INSURANCE AND REINSURANCE BROKERS INCORPORATED,N,I
"BDO UNIBANK, INC. AND/OR ITS SUBSIDIARIES AND AFFILIATES",,EN-EEI-RS-21-0000030-06-D,10/30/2021,10/30/2022,7371,MATERIAL DAMAGE,EN-EEI-RS-22-00228,12/16/2021,PHP,11846577831,1195435834,298858958.5,875020773.7,0,0,9477262265,2029321.28,211328.23,52832.06,141703.97,0,0,1623457.02,485825.25,485825.25,0,0,0,ATM,DUE TO ODETTE TYPHOON,OS-FOR APPROVAL,,490,BDO INSURANCE AND REINSURANCE BROKERS INCORPORATED,N,I
"BDO UNIBANK, INC. AND/OR ITS SUBSIDIARIES AND AFFILIATES",,EN-EEI-RS-21-0000030-06-D,10/30/2021,10/30/2022,1,MATERIAL DAMAGE,EN-EEI-RS-22-00234,12/16/2021,PHP,11846577831,1195435834,298858958.5,875020773.7,0,0,9477262265,880449330.5,13000215.65,3250053.91,159839596.5,0,0,704359464.4,0,0,0,0,0,POS,DUE TO ODETTE TYPHOON,OUTSTANDING,,490,BDO INSURANCE AND REINSURANCE BROKERS INCORPORATED,N,I
"BDO UNIBANK, INC. AND/OR ITS SUBSIDIARIES AND AFFILIATES",,EN-EEI-RS-21-0000030-06-D,10/30/2021,10/30/2022,659,MATERIAL DAMAGE,EN-EEI-RS-22-00271,12/16/2021,PHP,11846577831,1195435834,298858958.5,875020773.7,0,0,9477262265,2495734.08,259899.24,64974.81,174272.77,0,0,1996587.26,79834.82,79834.82,0,0,0,ATM,DUE TO ODETTE TYPHOON,OS-FOR APPROVAL,,490,BDO INSURANCE AND REINSURANCE BROKERS INCORPORATED,N,I
"BDO UNIBANK, INC. AND/OR ITS SUBSIDIARIES AND AFFILIATES",,EN-EEI-RS-21-0000030-06-D,10/30/2021,10/30/2022,4336,MATERIAL DAMAGE,EN-EEI-RS-22-00271,12/16/2021,PHP,11846577831,1195435834,298858958.5,875020773.7,0,0,9477262265,31200,3249.09,812.27,2178.64,0,0,24960,0,0,0,0,0,ATM,DUE TO ODETTE TYPHOON,OS-FOR APPROVAL,,490,BDO INSURANCE AND REINSURANCE BROKERS INCORPORATED,N,I
"BDO UNIBANK, INC. AND/OR ITS SUBSIDIARIES AND AFFILIATES",,EN-EEI-RS-21-0000030-06-D,10/30/2021,10/30/2022,1,MATERIAL DAMAGE,EN-EEI-RS-22-00359,12/17/2021,PHP,11846577831,1195435834,298858958.5,875020773.7,0,0,9477262265,880449330.5,13000215.65,3250053.91,159839596.5,0,0,704359464.4,0,0,0,0,0,POS,WATER DAMAGE DUE TO TYPHOON,OUTSTANDING,,490,BDO INSURANCE AND REINSURANCE BROKERS INCORPORATED,N,I
"BDO UNIBANK, INC. AND/OR ITS SUBSIDIARIES AND AFFILIATES",,EN-EEI-RS-21-0000030-06-D,10/30/2021,10/30/2022,7625,MATERIAL DAMAGE,EN-EEI-RS-22-00413,12/16/2021,PHP,11846577831,1195435834,298858958.5,875020773.7,0,0,9477262265,246148201.1,25633231.72,6408307.93,17188100.57,0,0,196918560.9,0,0,0,0,0,POS,DAMAGED PARTS,OUTSTANDING,,490,BDO INSURANCE AND REINSURANCE BROKERS INCORPORATED,N,I
"BDO UNIBANK, INC. AND/OR ITS SUBSIDIARIES AND AFFILIATES",,EN-EEI-RS-21-0000030-06-D,10/30/2021,10/30/2022,1013,MATERIAL DAMAGE,EN-EEI-RS-22-00427,12/17/2021,PHP,11846577831,1195435834,298858958.5,875020773.7,0,0,9477262265,2722942.76,283560.16,70890.04,190138.35,0,0,2178354.21,0,0,0,0,0,ATM,DUE TO ODETTE TYPHOON,OUTSTANDING,,490,BDO INSURANCE AND REINSURANCE BROKERS INCORPORATED,N,I
"BDO UNIBANK, INC. AND/OR ITS SUBSIDIARIES AND AFFILIATES",,EN-EEI-RS-21-0000030-06-D,10/30/2021,10/30/2022,7625,MATERIAL DAMAGE,EN-EEI-RS-22-00512,12/17/2021,PHP,11846577831,1195435834,298858958.5,875020773.7,0,0,9477262265,246148201.1,25633231.72,6408307.93,17188100.57,0,0,196918560.9,0,0,0,0,0,POS,DUE TO ODETTE TYPHOON,OUTSTANDING,,490,BDO INSURANCE AND REINSURANCE BROKERS INCORPORATED,N,I
"BDO UNIBANK, INC. AND/OR ITS SUBSIDIARIES AND AFFILIATES",,EN-EEI-RS-21-0000030-06-D,10/30/2021,10/30/2022,7625,MATERIAL DAMAGE,EN-EEI-RS-22-00518,12/16/2021,PHP,11846577831,1195435834,298858958.5,875020773.7,0,0,9477262265,246148201.1,25633231.72,6408307.93,17188100.57,0,0,196918560.9,0,0,0,0,0,POS,,DENIED,,490,BDO INSURANCE AND REINSURANCE BROKERS INCORPORATED,N,I
"BDO UNIBANK, INC. AND/OR ITS SUBSIDIARIES AND AFFILIATES",,EN-EEI-RS-21-0000030-06-D,10/30/2021,10/30/2022,7625,MATERIAL DAMAGE,EN-EEI-RS-22-00519,12/16/2021,PHP,11846577831,1195435834,298858958.5,875020773.7,0,0,9477262265,246148201.1,25633231.72,6408307.93,17188100.57,0,0,196918560.9,24168.69,24168.69,0,0,0,POS,,CLOSED,,490,BDO INSURANCE AND REINSURANCE BROKERS INCORPORATED,N,I
"BDO UNIBANK, INC. AND/OR ITS SUBSIDIARIES AND AFFILIATES",,EN-EEI-RS-21-0000030-06-D,10/30/2021,10/30/2022,396,MATERIAL DAMAGE,EN-EEI-RS-23-00008,12/17/2021,PHP,11846577831,1195435834,298858958.5,875020773.7,0,0,9477262265,3764262.92,392000.52,98000.13,262851.93,0,0,3011410.34,0,0,0,0,0,ATM,,CLOSED,,490,BDO INSURANCE AND REINSURANCE BROKERS INCORPORATED,N,I
"BDO UNIBANK, INC. AND/OR ITS SUBSIDIARIES AND AFFILIATES",,EN-EEI-RS-21-0000030-06-D,10/30/2021,10/30/2022,7625,MATERIAL DAMAGE,EN-EEI-RS-23-00093,12/17/2021,PHP,11846577831,1195435834,298858958.5,875020773.7,0,0,9477262265,246148201.1,25633231.72,6408307.93,17188100.57,0,0,196918560.9,0,0,0,0,0,POS,,OUTSTANDING,,490,BDO INSURANCE AND REINSURANCE BROKERS INCORPORATED,N,I
"BDO UNIBANK, INC. AND/OR ITS SUBSIDIARIES AND AFFILIATES",,EN-EEI-RS-21-0000030-06-D,10/30/2021,10/30/2022,7625,MATERIAL DAMAGE,EN-EEI-RS-23-00380,12/16/2021,PHP,11846577831,1195435834,298858958.5,875020773.7,0,0,9477262265,246148201.1,25633231.72,6408307.93,17188100.57,0,0,196918560.9,0,0,0,0,0,POS,,OUTSTANDING,,490,BDO INSURANCE AND REINSURANCE BROKERS INCORPORATED,N,I
"BDO UNIBANK, INC. AND/OR ITS SUBSIDIARIES AND AFFILIATES",,EN-EEI-RS-21-0000030-06-D,10/30/2021,10/30/2022,1,MATERIAL DAMAGE,EN-EEI-RS-24-01082,12/16/2021,PHP,11846577831,1195435834,298858958.5,875020773.7,0,0,9477262265,880449330.5,13000215.65,3250053.91,159839596.5,0,0,704359464.4,0,0,0,0,0,VARIOUS POS,,DENIED,,490,BDO INSURANCE AND REINSURANCE BROKERS INCORPORATED,N,I
CEBU PRIVATE POWER CORPORATION,,EN-EEI-RS-21-0000098-02-D,07/31/2021,07/31/2022,1,MATERIAL DAMAGE,EN-EEI-RS-23-00160,12/16/2021,PHP,9832478.68,7865982.94,1966495.74,0,0,0,0,9832478.68,7865982.94,1966495.74,0,0,0,0,76114.48,76114.48,10416.35,10416.35,0,DAMAGED TO PROPERTY,,CLOSED,,3663,"GALLAGHER INSURANCE BROKERS (PHILLIPINES), INC.",N,I
EAST ASIA UTILITIES CORPORATION,,EN-EEI-RS-21-0000099-02-D,07/31/2021,07/31/2022,1,MATERIAL DAMAGE,EN-EEI-RS-23-00159,12/16/2021,PHP,11291892.27,9033513.82,2258378.45,0,0,0,0,11291892.27,9033513.82,2258378.45,0,0,0,0,96946.43,96946.43,11878.52,11878.52,0,DAMAGED TO PROPERTY,Due to Typhoon Odette,CLOSED,,3663,"GALLAGHER INSURANCE BROKERS (PHILLIPINES), INC.",N,I
